Workbook

Sheet Tayyorgarlik
A1: Kompleks davlat akkreditatsiyasi — tashqi baholashga tayyorgarlik rejasi (Savolnoma asosida)
A2: Sariq ustunlarni to‘ldiring: Holat (ro‘yxatdan tanlang), Muddat, Hujjat joyi/havola, Izoh. Qolgan ustunlar savolnomadan olingan. Eslatma: PDFda 22-raqam ikki marta takrorlangan — bu yerda ketma-ket 1–28 raqamlangan.
A4: № | B4: Bo‘lim | C4: O‘rganiladigan savol | D4: Tayyorlanadigan hujjatlar / dalillar | E4: Mas’ullar | F4: Holat | G4: Muddat | H4: Hujjat joyi / havola | I4: Izoh
A5: 1 | B5: II. Kafedra va ta’lim dasturlari | C5: Ta’lim dasturini ishlab chiqish va yangilash bo‘yicha ishchi guruh tarkibi tasdiqlanganmi va yig‘ilish bayonnomalari mavjudmi? | D5: • Ishchi guruh tarkibi to‘g‘risidagi buyruq (raqami, sanasi) • Yig‘ilishlar rejasi • Har bir yig‘ilish bayonnomasi (imzolangan) • Qarorlar ijrosi bo‘yicha ma’lumot | E5: Shuxratov Sh., Mamajonov I., Baydjanov B. | F5: Boshlanmagan
A6: 2 | B6: II. Kafedra va ta’lim dasturlari | C6: Ta’lim dasturini qayta ko‘rib chiqishda ish beruvchilar, talabalar va bitiruvchilar ishtiroki hujjatlar bilan tasdiqlanganmi? | D6: • Ish beruvchilar bilan uchrashuv bayonnomalari, takliflar (xatlar) • Talaba/bitiruvchi so‘rovnomalari va tahlili • Takliflar asosida dasturga kiritilgan o‘zgarishlar ro‘yxati • Kengash/kafedra yig‘ilishi bayonnomasi | E6: Mamajonov I., Turg‘unboyev Sh., Maxkamov I., Xamraqulov J., Isroilova D. | F6: Boshlanmagan
A7: 3 | B7: II. Kafedra va ta’lim dasturlari | C7: Malaka talablari, o‘quv reja, fan dasturlari va kutilayotgan o‘quv natijalari o‘zaro muvofiq va tasdiqlanganmi? | D7: • Malaka talablari, o‘quv reja, fan dasturlari (tasdiq imzo/muhr bilan) • O‘quv natijalari ↔ fanlar muvofiqlik matritsasi • Kengash qarori (tasdiqlash) | E7: Abdumannopov M., Abdumamatov A. | F7: Boshlanmagan
A8: 4 | B8: II. Kafedra va ta’lim dasturlari | C8: Professor-o‘qituvchilarning diplomlari va mutaxassisliklari biriktirilgan fanlarga mos keladimi? | D8: • Har bir o‘qituvchi: diplom nusxasi, ilmiy daraja/unvon hujjati • O‘qituvchi ↔ fan ↔ mutaxassislik jadvali • Malaka oshirish sertifikatlari (nomuvofiq holatlar uchun asos) | E8: Mamajonov I., Turg‘unboyev Sh., Maxkamov I., Xamraqulov J., Isroilova D. | F8: Boshlanmagan
A9: 5 | B9: II. Kafedra va ta’lim dasturlari | C9: Asosiy shtatdagi professor-o‘qituvchilar ulushi va ilmiy salohiyat hisob-kitoblari tasdiqlovchi hujjatlar bilan asoslanganmi? | D9: • Shtat jadvali, asosiy/o‘rindosh ro‘yxati, mehnat shartnomalari • Ilmiy salohiyat hisob-kitobi (formula + manba) • Ilmiy daraja diplomlari nusxalari • HEMIS bilan solishtirilgan ma’lumot | E9: Axmedov B., Xalilov Q., Borotov A., Mirsodiqov A. | F9: Boshlanmagan
A10: 6 | B10: II. Kafedra va ta’lim dasturlari | C10: Professor-o‘qituvchilarning shaxsiy ish rejalari tasdiqlanganmi va o‘quv yuklamalari belgilangan tartibda taqsimlanganmi? | D10: • Shaxsiy ish rejalari (kafedra mudiri tasdig‘i bilan) • O‘quv yuklamasi taqsimoti (kafedra bayonnomasi) • Yuklama bajarilishi hisoboti • Dars jadvali bilan moslik | E10: Shamshiyev J., Soliyev I., Oripov A., Karimov O. | F10: Boshlanmagan
A11: 7 | B11: II. Kafedra va ta’lim dasturlari | C11: Baholash mezonlari, nazorat savollari, yozma ishlarni baholash va apellyatsiya tartibining shaffofligi ta’minlanganmi? | D11: • Baholash nizomi va mezonlari (fan sillabuslarida) • Nazorat savollari/test bazasi (tasdiqlangan) • Yozma ishlar namunalari (baholangan, izohli) • Apellyatsiya komissiyasi buyrug‘i, arizalar va bayonnomalar | E11: Mamajonov I., Turg‘unboyev Sh., Maxkamov I., Xamraqulov J., Isroilova D. | F11: Boshlanmagan
A12: 8 | B12: II. Kafedra va ta’lim dasturlari | C12: Akademik halollikni ta’minlash va plagiatning oldini olish mexanizmlari amalda ishlayaptimi? | D12: • Akademik halollik nizomi/kodeksi • Antiplagiat tizimi (litsenziya/shartnoma) va tekshiruv hisobotlari • Qoidabuzarlik holatlari bo‘yicha ko‘rilgan choralar • Talabalar tanishtirilganligi (imzo varaqlari) | E12: Mamajonov I., Turg‘unboyev Sh., Maxkamov I., Xamraqulov J., Isroilova D., Turaxanov A. | F12: Boshlanmagan
A13: 9 | B13: II. Kafedra va ta’lim dasturlari | C13: HEMIS/LMS tizimiga joylangan fan materiallari, topshiriqlar va baholash ma’lumotlari tasdiqlangan fan dasturlariga mos keladimi? | D13: • Har bir fan bo‘yicha LMS to‘liqlik tekshiruvi (checklist) • Fan dasturi ↔ LMS mavzulari solishtirmasi • HEMIS’dagi baholar ↔ qaydnomalar solishtirmasi • Bo‘shliqlarni bartaraf etish rejasi | E13: Jo‘rayev V., Maxkamov I., Raximov Q. | F13: Boshlanmagan
A14: 10 | B14: II. Kafedra va ta’lim dasturlari | C14: BMI va magistrlik dissertatsiyalari mavzulari, ilmiy rahbarlari va bajarilish holati rasmiylashtirilganmi? | D14: • Mavzular va rahbarlarni tasdiqlash buyrug‘i • Kafedra bayonnomalari (mavzu muhokamasi) • Bajarilish grafigi va monitoring • Himoya bayonnomalari, antiplagiat natijalari | E14: Do‘smatov X., Djalolov B., Kadirov Sh., Sheraliyev B. | F14: Boshlanmagan
A15: 11 | B15: III. O‘quv xonalari va moddiy-texnik baza | C15: Auditoriyalarning sig‘imi, inventar ro‘yxatlari va dars jadvali bo‘yicha foydalanish holati o‘zaro mos keladimi? | D15: • Auditoriya fondi pasporti (raqam, maydon, sig‘im) • Inventar ro‘yxatlari • Dars jadvali ↔ guruh soni ↔ sig‘im tahlili | E15: Borotov A., Mirsodiqov A. | F15: Boshlanmagan
A16: 12 | B16: III. O‘quv xonalari va moddiy-texnik baza | C16: TTJ holati, shart-sharoitlari va talabalar uchun qulayliklarni joyiga chiqib o‘rganish | D16: • TTJ pasporti, joylar soni va bandligi • Joylashtirilgan talabalar ro‘yxati • Sanitariya, xavfsizlik dalolatnomalari • Joyiga chiqib o‘rganish dalolatnomasi + fotosuratlar | E16: Rajabov O‘., Borotov A., Mirsodiqov A. | F16: Boshlanmagan
... A32: 28 | B32: V. Talabalar so‘rovnomasi | C32: Talabalar o‘rtasida anonim so‘rovnoma (ta’lim sifati, o‘quv jarayoni, o‘qituvchilar faoliyati, sharoitlar, qoniqish darajasi) o‘tkazish va tahlil qilish | D32: • So‘rovnoma savollari (tasdiqlangan) • O‘tkazish buyrug‘i/grafigi, qamrov (respondentlar soni) • Natijalar tahlili (diagrammalar) • Natijalar asosida chora-tadbirlar rejasi va kengashda muhokama | E32: Mamajonov I., Turg‘unboyev Sh., Maxkamov I., Xamraqulov J. | F32: Boshlanmagan

Sheet Xulosa
A1: Tayyorgarlik holati
A3: Bo‘lim | B3: Jami | C3: Tayyor | D3: Jarayonda | E3: Boshlanmagan | F3: Muammo bor | G3: Tayyorlik %
A4: II. Kafedra va ta’lim dasturlari | B4: =COUNTIF(Tayyorgarlik!$B$5:$B$32,A4) -> 10 | C4: =COUNTIFS(Tayyorgarlik!$B$5:$B$32,$A4,Tayyorgarlik!$F$5:$F$32,"Tayyor") -> 0 | D4: =COUNTIFS(Tayyorgarlik!$B$5:$B$32,$A4,Tayyorgarlik!$F$5:$F$32,"Jarayonda") -> 0 | E4: =COUNTIFS(Tayyorgarlik!$B$5:$B$32,$A4,Tayyorgarlik!$F$5:$F$32,"Boshlanmagan") -> 10 | F4: =COUNTIFS(Tayyorgarlik!$B$5:$B$32,$A4,Tayyorgarlik!$F$5:$F$32,"Muammo bor") -> 0 | G4: =IF(B4=0,0,C4/B4) -> 0
A5: III. O‘quv xonalari va moddiy-texnik baza | B5: =COUNTIF(Tayyorgarlik!$B$5:$B$32,A5) -> 12 | C5: =COUNTIFS(Tayyorgarlik!$B$5:$B$32,$A5,Tayyorgarlik!$F$5:$F$32,"Tayyor") -> 0 | D5: =COUNTIFS(Tayyorgarlik!$B$5:$B$32,$A5,Tayyorgarlik!$F$5:$F$32,"Jarayonda") -> 0 | E5: =COUNTIFS(Tayyorgarlik!$B$5:$B$32,$A5,Tayyorgarlik!$F$5:$F$32,"Boshlanmagan") -> 12 | F5: =COUNTIFS(Tayyorgarlik!$B$5:$B$32,$A5,Tayyorgarlik!$F$5:$F$32,"Muammo bor") -> 0 | G5: =IF(B5=0,0,C5/B5) -> 0
A6: IV. Amaliyot va dual ta’lim | B6: =COUNTIF(Tayyorgarlik!$B$5:$B$32,A6) -> 5 | C6: =COUNTIFS(Tayyorgarlik!$B$5:$B$32,$A6,Tayyorgarlik!$F$5:$F$32,"Tayyor") -> 0 | D6: =COUNTIFS(Tayyorgarlik!$B$5:$B$32,$A6,Tayyorgarlik!$F$5:$F$32,"Jarayonda") -> 0 | E6: =COUNTIFS(Tayyorgarlik!$B$5:$B$32,$A6,Tayyorgarlik!$F$5:$F$32,"Boshlanmagan") -> 5 | F6: =COUNTIFS(Tayyorgarlik!$B$5:$B$32,$A6,Tayyorgarlik!$F$5:$F$32,"Muammo bor") -> 0 | G6: =IF(B6=0,0,C6/B6) -> 0
A7: V. Talabalar so‘rovnomasi | B7: =COUNTIF(Tayyorgarlik!$B$5:$B$32,A7) -> 1 | C7: =COUNTIFS(Tayyorgarlik!$B$5:$B$32,$A7,Tayyorgarlik!$F$5:$F$32,"Tayyor") -> 0 | D7: =COUNTIFS(Tayyorgarlik!$B$5:$B$32,$A7,Tayyorgarlik!$F$5:$F$32,"Jarayonda") -> 0 | E7: =COUNTIFS(Tayyorgarlik!$B$5:$B$32,$A7,Tayyorgarlik!$F$5:$F$32,"Boshlanmagan") -> 1 | F7: =COUNTIFS(Tayyorgarlik!$B$5:$B$32,$A7,Tayyorgarlik!$F$5:$F$32,"Muammo bor") -> 0 | G7: =IF(B7=0,0,C7/B7) -> 0
A8: JAMI | B8: =SUM(B4:B7) -> 28 | C8: =SUM(C4:C7) -> 0 | D8: =SUM(D4:D7) -> 0 | E8: =SUM(E4:E7) -> 28 | F8: =SUM(F4:F7) -> 0 | G8: =IF(B8=0,0,C8/B8) -> 0

Sheet Hujjatlar reyestri
A1: Hujjatlar reyestri — rekvizitlar va amal muddati nazorati
A2: Har bir hujjatni bitta qatorga kiriting (sariq kataklar). «Nazorat» ustuni o‘zi hisoblanadi: raqam/sana yo‘q, imzo yoki muhr yo‘q bo‘lsa — «Rekvizit to‘liq emas»; amal muddati o‘tgan bo‘lsa — «Muddati o‘tgan»; 30 kundan kam qolgan bo‘lsa — ogohlantiradi. 5-qator — namuna, uni o‘chirib yuborishingiz mumkin.
A4: Savol № | B4: Hujjat nomi | C4: Raqami | D4: Sanasi | E4: Imzo bormi | F4: Muhr bormi | G4: Amal muddati (tugash sanasi) | H4: Papka | I4: Nazorat | J4: Izoh
A5: 23 | B5: «Agrofirma» MChJ bilan amaliyot shartnomasi (NAMUNA) | C5: 15/24 | D5: 45537 | E5: Ha | F5: Ha | G5: 45901 | H5: 23_Amaliyot_shartnomalari | I5: =IF(B5="","",IF(OR(C5="",D5="",E5<>"Ha",F5<>"Ha"),"Rekvizit to‘liq emas",IF(G5="","OK",IF(G5<TODAY(),"Muddati o‘tgan",IF(G5-TODAY()<=30,"30 kun ichida tugaydi","OK"))))) -> Muddati o‘tgan | J5: Muddatini uzaytirish kerak
I6: =IF(B6="","",IF(OR(C6="",D6="",E6<>"Ha",F6<>"Ha"),"Rekvizit to‘liq emas",IF(G6="","OK",IF(G6<TODAY(),"Muddati o‘tgan",IF(G6-TODAY()<=30,"30 kun ichida tugaydi","OK")))))
I7: =IF(B7="","",IF(OR(C7="",D7="",E7<>"Ha",F7<>"Ha"),"Rekvizit to‘liq emas",IF(G7="","OK",IF(G7<TODAY(),"Muddati o‘tgan",IF(G7-TODAY()<=30,"30 kun ichida tugaydi","OK")))))
I8: =IF(B8="","",IF(OR(C8="",D8="",E8<>"Ha",F8<>"Ha"),"Rekvizit to‘liq emas",IF(G8="","OK",IF(G8<TODAY(),"Muddati o‘tgan",IF(G8-TODAY()<=30,"30 kun ichida tugaydi","OK")))))
I9: =IF(B9="","",IF(OR(C9="",D9="",E9<>"Ha",F9<>"Ha"),"Rekvizit to‘liq emas",IF(G9="","OK",IF(G9<TODAY(),"Muddati o‘tgan",IF(G9-TODAY()<=30,"30 kun ichida tugaydi","OK")))))
I10: =IF(B10="","",IF(OR(C10="",D10="",E10<>"Ha",F10<>"Ha"),"Rekvizit to‘liq emas",IF(G10="","OK",IF(G10<TODAY(),"Muddati o‘tgan",IF(G10-TODAY()<=30,"30 kun ichida tugaydi","OK")))))
I11: =IF(B11="","",IF(OR(C11="",D11="",E11<>"Ha",F11<>"Ha"),"Rekvizit to‘liq emas",IF(G11="","OK",IF(G11<TODAY(),"Muddati o‘tgan",IF(G11-TODAY()<=30,"30 kun ichida tugaydi","OK")))))
I12: =IF(B12="","",IF(OR(C12="",D12="",E12<>"Ha",F12<>"Ha"),"Rekvizit to‘liq emas",IF(G12="","OK",IF(G12<TODAY(),"Muddati o‘tgan",IF(G12-TODAY()<=30,"30 kun ichida tugaydi","OK")))))
I13: =IF(B13="","",IF(OR(C13="",D13="",E13<>"Ha",F13<>"Ha"),"Rekvizit to‘liq emas",IF(G13="","OK",IF(G13<TODAY(),"Muddati o‘tgan",IF(G13-TODAY()<=30,"30 kun ichida tugaydi","OK")))))
I14: =IF(B14="","",IF(OR(C14="",D14="",E14<>"Ha",F14<>"Ha"),"Rekvizit to‘liq emas",IF(G14="","OK",IF(G14<TODAY(),"Muddati o‘tgan",IF(G14-TODAY()<=30,"30 kun ichida tugaydi","OK")))))
I15: =IF(B15="","",IF(OR(C15="",D15="",E15<>"Ha",F15<>"Ha"),"Rekvizit to‘liq emas",IF(G15="","OK",IF(G15<TODAY(),"Muddati o‘tgan",IF(G15-TODAY()<=30,"30 kun ichida tugaydi","OK")))))
I16: =IF(B16="","",IF(OR(C16="",D16="",E16<>"Ha",F16<>"Ha"),"Rekvizit to‘liq emas",IF(G16="","OK",IF(G16<TODAY(),"Muddati o‘tgan",IF(G16-TODAY()<=30,"30 kun ichida tugaydi","OK")))))
I17: =IF(B17="","",IF(OR(C17="",D17="",E17<>"Ha",F17<>"Ha"),"Rekvizit to‘liq emas",IF(G17="","OK",IF(G17<TODAY(),"Muddati o‘tgan",IF(G17-TODAY()<=30,"30 kun ichida tugaydi","OK")))))
... I204: =IF(B204="","",IF(OR(C204="",D204="",E204<>"Ha",F204<>"Ha"),"Rekvizit to‘liq emas",IF(G204="","OK",IF(G204<TODAY(),"Muddati o‘tgan",IF(G204-TODAY()<=30,"30 kun ichida tugaydi","OK")))))

Sheet HEMIS solishtirish
A1: Hujjatlar va HEMIS ma’lumotlarini solishtirish (5- va 9-savollar)
A2: B ustuniga — buyruq/shtat jadvali bo‘yicha, C ustuniga — HEMISdagi son. Farq 0 bo‘lmasa, ekspert savol beradi: sababini aniqlab, HEMISni yoki hujjatni tuzating. Ulushlar pastda avtomatik hisoblanadi; me’yor qiymatini amaldagi akkreditatsiya talablaridan olib kiriting.
A4: Ko‘rsatkich | B4: Hujjat bo‘yicha | C4: HEMIS bo‘yicha | D4: Farq | E4: Holat | F4: Izoh / manba hujjat
A5: Professor-o‘qituvchilar jami (shtat birligi bo‘yicha, nafar) | D5: =IF(OR(B5="",C5=""),"",C5-B5) | E5: =IF(D5="","To‘ldirilmagan",IF(D5=0,"Mos","Nomuvofiq!")) -> To‘ldirilmagan
A6: Asosiy shtatdagi professor-o‘qituvchilar | D6: =IF(OR(B6="",C6=""),"",C6-B6) | E6: =IF(D6="","To‘ldirilmagan",IF(D6=0,"Mos","Nomuvofiq!")) -> To‘ldirilmagan
A7: Ichki o‘rindoshlar | D7: =IF(OR(B7="",C7=""),"",C7-B7) | E7: =IF(D7="","To‘ldirilmagan",IF(D7=0,"Mos","Nomuvofiq!")) -> To‘ldirilmagan
A8: Tashqi o‘rindoshlar | D8: =IF(OR(B8="",C8=""),"",C8-B8) | E8: =IF(D8="","To‘ldirilmagan",IF(D8=0,"Mos","Nomuvofiq!")) -> To‘ldirilmagan
A9: Soatbay asosida | D9: =IF(OR(B9="",C9=""),"",C9-B9) | E9: =IF(D9="","To‘ldirilmagan",IF(D9=0,"Mos","Nomuvofiq!")) -> To‘ldirilmagan
A10: Fan doktorlari (DSc) | D10: =IF(OR(B10="",C10=""),"",C10-B10) | E10: =IF(D10="","To‘ldirilmagan",IF(D10=0,"Mos","Nomuvofiq!")) -> To‘ldirilmagan
A11: Fan nomzodlari / PhD | D11: =IF(OR(B11="",C11=""),"",C11-B11) | E11: =IF(D11="","To‘ldirilmagan",IF(D11=0,"Mos","Nomuvofiq!")) -> To‘ldirilmagan
A12: Professor unvonidagilar | D12: =IF(OR(B12="",C12=""),"",C12-B12) | E12: =IF(D12="","To‘ldirilmagan",IF(D12=0,"Mos","Nomuvofiq!")) -> To‘ldirilmagan
A13: Dotsent unvonidagilar | D13: =IF(OR(B13="",C13=""),"",C13-B13) | E13: =IF(D13="","To‘ldirilmagan",IF(D13=0,"Mos","Nomuvofiq!")) -> To‘ldirilmagan
A14: Talabalar — bakalavriat kunduzgi | D14: =IF(OR(B14="",C14=""),"",C14-B14) | E14: =IF(D14="","To‘ldirilmagan",IF(D14=0,"Mos","Nomuvofiq!")) -> To‘ldirilmagan
A15: Talabalar — bakalavriat sirtqi/kechki | D15: =IF(OR(B15="",C15=""),"",C15-B15) | E15: =IF(D15="","To‘ldirilmagan",IF(D15=0,"Mos","Nomuvofiq!")) -> To‘ldirilmagan
A16: Talabalar — magistratura | D16: =IF(OR(B16="",C16=""),"",C16-B16) | E16: =IF(D16="","To‘ldirilmagan",IF(D16=0,"Mos","Nomuvofiq!")) -> To‘ldirilmagan
... A18: Ta’lim dasturlari (yo‘nalishlar) soni | D18: =IF(OR(B18="",C18=""),"",C18-B18) | E18: =IF(D18="","To‘ldirilmagan",IF(D18=0,"Mos","Nomuvofiq!")) -> To‘ldirilmagan
A20: Hisoblangan ulushlar
A21: Ko‘rsatkich | B21: Hujjat bo‘yicha | C21: HEMIS bo‘yicha | D21: Me’yor (kiriting) | E21: Holat (hujjat bo‘yicha) | F21: Hisoblash usuli
A22: Asosiy shtatdagi PO‘ ulushi | B22: =IFERROR(B6/B5,"") | C22: =IFERROR(C6/C5,"") | E22: =IF(OR(B22="",D22=""),"",IF(B22>=D22,"Me’yorda","Me’yordan past")) | F22: Asosiy shtatdagilar ÷ jami PO‘
A23: Ilmiy salohiyat (DSc + PhD ulushi) | B23: =IFERROR((B10+B11)/B5,"") | C23: =IFERROR((C10+C11)/C5,"") | E23: =IF(OR(B23="",D23=""),"",IF(B23>=D23,"Me’yorda","Me’yordan past")) | F23: (DSc + PhD) ÷ jami PO‘. Me’yoriy hujjatdagi aniq formulani tekshiring (shtat birligi yoki jismoniy shaxs bo‘yicha)
A24: Talaba / o‘qituvchi nisbati | B24: =IFERROR((B14+B15+B16)/B5,"") | C24: =IFERROR((C14+C15+C16)/C5,"") | E24: =IF(OR(B24="",D24=""),"",IF(B24<=D24,"Me’yorda","Me’yordan yuqori")) | F24: Jami talabalar ÷ jami PO‘

Sheet LMS tekshiruvi
A1: HEMIS/LMS to‘liqlik tekshiruvi — har bir fan bo‘yicha (9-savol)
A2: Har bir fan uchun 6 ta bandni «Ha/Yo‘q» bilan belgilang. To‘liqlik foizi o‘zi hisoblanadi; 100% bo‘lmagan fanlar — bartaraf etish ro‘yxati.
A4: Fan nomi | B4: Kafedra | C4: O‘qituvchi | D4: Sillabus (tasdiqlangan) | E4: Ma’ruza matni / taqdimot | F4: Amaliy/seminar materiallari | G4: Mustaqil ish topshiriqlari | H4: Test / nazorat savollari | I4: HEMIS baholari = qaydnoma | J4: To‘liqlik | K4: Mas’ul | L4: Muddat
A5: Oliy matematika (NAMUNA) | B5: Matematika | C5: Abdumannopov M. | D5: Ha | E5: Ha | F5: Ha | G5: Yo‘q | H5: Ha | I5: Ha | J5: =IF(A5="","",COUNTIF(D5:I5,"Ha")/6) -> 0.83333333
J6: =IF(A6="","",COUNTIF(D6:I6,"Ha")/6)
J7: =IF(A7="","",COUNTIF(D7:I7,"Ha")/6)
J8: =IF(A8="","",COUNTIF(D8:I8,"Ha")/6)
J9: =IF(A9="","",COUNTIF(D9:I9,"Ha")/6)
J10: =IF(A10="","",COUNTIF(D10:I10,"Ha")/6)
J11: =IF(A11="","",COUNTIF(D11:I11,"Ha")/6)
J12: =IF(A12="","",COUNTIF(D12:I12,"Ha")/6)
J13: =IF(A13="","",COUNTIF(D13:I13,"Ha")/6)
J14: =IF(A14="","",COUNTIF(D14:I14,"Ha")/6)
J15: =IF(A15="","",COUNTIF(D15:I15,"Ha")/6)
J16: =IF(A16="","",COUNTIF(D16:I16,"Ha")/6)
J17: =IF(A17="","",COUNTIF(D17:I17,"Ha")/6)
... J304: =IF(A304="","",COUNTIF(D304:I304,"Ha")/6)

Sheet So‘rovnoma javoblari
A1: Talabalar so‘rovnomasi — javoblar (28-savol)
A2: Har bir talaba anketasi — bitta qator. Savollarga 1–5 baho kiriting (1 — mutlaqo qo‘shilmayman, 5 — to‘liq qo‘shilaman); javob berilmagan bo‘lsa bo‘sh qoldiring. Google Forms ishlatsangiz, javoblarni shu tartibda nusxalab qo‘ying.
A4: № | B4: Fakultet | C4: Kurs | D4: Ta’lim shakli | E4: S1 | F4: S2 | G4: S3 | H4: S4 | I4: S5 | J4: S6 | K4: S7 | L4: S8 | M4: S9 | N4: S10 | O4: S11 | P4: S12 | Q4: S13 | R4: S14 | S4: S15 | T4: S16 | U4: S17 | V4: S18 | W4: S19 | X4: S20 | Y4: S21 | Z4: S22 | AA4: S23 | AB4: S24 | AC4: S25 | AD4: S26

Sheet So‘rovnoma tahlili
A1: Talabalar so‘rovnomasi — natijalar tahlili
A2: Avtomatik hisoblanadi. O‘rtacha baho 3,5 dan past yoki qoniqish 60% dan past bo‘lgan savollar «Chora kerak» deb belgilanadi — ular bo‘yicha chora-tadbirlar rejasini tuzing (ekspertlar aynan shuni so‘raydi).
A3: Respondentlar soni: | B3: =COUNTA('So‘rovnoma javoblari'!B5:B1504) -> 0
A5: № | B5: Bo‘lim | C5: Savol | D5: Javoblar soni | E5: O‘rtacha (1–5) | F5: Qoniqish % (4–5 ball) | G5: Xulosa
A6: S1 | B6: A. Ta’lim dasturi va o‘quv jarayoni | C6: O‘quv reja va fanlar tanlagan yo‘nalishim bo‘yicha kasbiy bilim olishimga mos keladi | D6: =COUNT('So‘rovnoma javoblari'!E5:E1504) -> 0 | E6: =IF(D6=0,"",AVERAGE('So‘rovnoma javoblari'!E5:E1504)) | F6: =IF(D6=0,"",COUNTIF('So‘rovnoma javoblari'!E5:E1504,">=4")/D6) | G6: =IF(D6=0,"",IF(OR(E6<3.5,F6<0.6),"Chora kerak","Yaxshi"))
A7: S2 | B7: A. Ta’lim dasturi va o‘quv jarayoni | C7: Har bir fan boshida sillabus (fan dasturi, baholash mezonlari, adabiyotlar) bilan tanishtirilaman | D7: =COUNT('So‘rovnoma javoblari'!F5:F1504) -> 0 | E7: =IF(D7=0,"",AVERAGE('So‘rovnoma javoblari'!F5:F1504)) | F7: =IF(D7=0,"",COUNTIF('So‘rovnoma javoblari'!F5:F1504,">=4")/D7) | G7: =IF(D7=0,"",IF(OR(E7<3.5,F7<0.6),"Chora kerak","Yaxshi"))
A8: S3 | B8: A. Ta’lim dasturi va o‘quv jarayoni | C8: Dars jadvali qulay tuzilgan va o‘zgarishlar haqida o‘z vaqtida xabar beriladi | D8: =COUNT('So‘rovnoma javoblari'!G5:G1504) -> 0 | E8: =IF(D8=0,"",AVERAGE('So‘rovnoma javoblari'!G5:G1504)) | F8: =IF(D8=0,"",COUNTIF('So‘rovnoma javoblari'!G5:G1504,">=4")/D8) | G8: =IF(D8=0,"",IF(OR(E8<3.5,F8<0.6),"Chora kerak","Yaxshi"))
A9: S4 | B9: A. Ta’lim dasturi va o‘quv jarayoni | C9: HEMIS/LMS tizimida fan materiallari va topshiriqlar to‘liq joylashtirilgan | D9: =COUNT('So‘rovnoma javoblari'!H5:H1504) -> 0 | E9: =IF(D9=0,"",AVERAGE('So‘rovnoma javoblari'!H5:H1504)) | F9: =IF(D9=0,"",COUNTIF('So‘rovnoma javoblari'!H5:H1504,">=4")/D9) | G9: =IF(D9=0,"",IF(OR(E9<3.5,F9<0.6),"Chora kerak","Yaxshi"))
A10: S5 | B10: A. Ta’lim dasturi va o‘quv jarayoni | C10: Tanlov fanlarini tanlash imkoniyati mavjud | D10: =COUNT('So‘rovnoma javoblari'!I5:I1504) -> 0 | E10: =IF(D10=0,"",AVERAGE('So‘rovnoma javoblari'!I5:I1504)) | F10: =IF(D10=0,"",COUNTIF('So‘rovnoma javoblari'!I5:I1504,">=4")/D10) | G10: =IF(D10=0,"",IF(OR(E10<3.5,F10<0.6),"Chora kerak","Yaxshi"))
A11: S6 | B11: B. Professor-o‘qituvchilar faoliyati | C11: O‘qituvchilar fanni chuqur biladi va tushunarli tushuntiradi | D11: =COUNT('So‘rovnoma javoblari'!J5:J1504) -> 0 | E11: =IF(D11=0,"",AVERAGE('So‘rovnoma javoblari'!J5:J1504)) | F11: =IF(D11=0,"",COUNTIF('So‘rovnoma javoblari'!J5:J1504,">=4")/D11) | G11: =IF(D11=0,"",IF(OR(E11<3.5,F11<0.6),"Chora kerak","Yaxshi"))
A12: S7 | B12: B. Professor-o‘qituvchilar faoliyati | C12: Darslarda zamonaviy va interaktiv usullardan foydalaniladi | D12: =COUNT('So‘rovnoma javoblari'!K5:K1504) -> 0 | E12: =IF(D12=0,"",AVERAGE('So‘rovnoma javoblari'!K5:K1504)) | F12: =IF(D12=0,"",COUNTIF('So‘rovnoma javoblari'!K5:K1504,">=4")/D12) | G12: =IF(D12=0,"",IF(OR(E12<3.5,F12<0.6),"Chora kerak","Yaxshi"))
A13: S8 | B13: B. Professor-o‘qituvchilar faoliyati | C13: O‘qituvchilar darsga o‘z vaqtida keladi va dars to‘liq o‘tiladi | D13: =COUNT('So‘rovnoma javoblari'!L5:L1504) -> 0 | E13: =IF(D13=0,"",AVERAGE('So‘rovnoma javoblari'!L5:L1504)) | F13: =IF(D13=0,"",COUNTIF('So‘rovnoma javoblari'!L5:L1504,">=4")/D13) | G13: =IF(D13=0,"",IF(OR(E13<3.5,F13<0.6),"Chora kerak","Yaxshi"))
A14: S9 | B14: B. Professor-o‘qituvchilar faoliyati | C14: Dars vaqtidan tashqari maslahat olish imkoniyati bor | D14: =COUNT('So‘rovnoma javoblari'!M5:M1504) -> 0 | E14: =IF(D14=0,"",AVERAGE('So‘rovnoma javoblari'!M5:M1504)) | F14: =IF(D14=0,"",COUNTIF('So‘rovnoma javoblari'!M5:M1504,">=4")/D14) | G14: =IF(D14=0,"",IF(OR(E14<3.5,F14<0.6),"Chora kerak","Yaxshi"))
A15: S10 | B15: B. Professor-o‘qituvchilar faoliyati | C15: O‘qituvchilar talabalarga hurmat bilan munosabatda bo‘ladi | D15: =COUNT('So‘rovnoma javoblari'!N5:N1504) -> 0 | E15: =IF(D15=0,"",AVERAGE('So‘rovnoma javoblari'!N5:N1504)) | F15: =IF(D15=0,"",COUNTIF('So‘rovnoma javoblari'!N5:N1504,">=4")/D15) | G15: =IF(D15=0,"",IF(OR(E15<3.5,F15<0.6),"Chora kerak","Yaxshi"))
A16: S11 | B16: C. Baholash va akademik halollik | C16: Baholash mezonlari oldindan e’lon qilinadi va adolatli qo‘llaniladi | D16: =COUNT('So‘rovnoma javoblari'!O5:O1504) -> 0 | E16: =IF(D16=0,"",AVERAGE('So‘rovnoma javoblari'!O5:O1504)) | F16: =IF(D16=0,"",COUNTIF('So‘rovnoma javoblari'!O5:O1504,">=4")/D16) | G16: =IF(D16=0,"",IF(OR(E16<3.5,F16<0.6),"Chora kerak","Yaxshi"))
A17: S12 | B17: C. Baholash va akademik halollik | C17: Baholash natijalari va xatolarim haqida izoh beriladi | D17: =COUNT('So‘rovnoma javoblari'!P5:P1504) -> 0 | E17: =IF(D17=0,"",AVERAGE('So‘rovnoma javoblari'!P5:P1504)) | F17: =IF(D17=0,"",COUNTIF('So‘rovnoma javoblari'!P5:P1504,">=4")/D17) | G17: =IF(D17=0,"",IF(OR(E17<3.5,F17<0.6),"Chora kerak","Yaxshi"))
A18: S13 | B18: C. Baholash va akademik halollik | C18: Apellyatsiya (bahodan norozilik) tartibini bilaman | D18: =COUNT('So‘rovnoma javoblari'!Q5:Q1504) -> 0 | E18: =IF(D18=0,"",AVERAGE('So‘rovnoma javoblari'!Q5:Q1504)) | F18: =IF(D18=0,"",COUNTIF('So‘rovnoma javoblari'!Q5:Q1504,">=4")/D18) | G18: =IF(D18=0,"",IF(OR(E18<3.5,F18<0.6),"Chora kerak","Yaxshi"))
A19: S14 | B19: C. Baholash va akademik halollik | C19: Universitetda ko‘chirmachilik va plagiatga qarshi talablar qat’iy | D19: =COUNT('So‘rovnoma javoblari'!R5:R1504) -> 0 | E19: =IF(D19=0,"",AVERAGE('So‘rovnoma javoblari'!R5:R1504)) | F19: =IF(D19=0,"",COUNTIF('So‘rovnoma javoblari'!R5:R1504,">=4")/D19) | G19: =IF(D19=0,"",IF(OR(E19<3.5,F19<0.6),"Chora kerak","Yaxshi"))
A20: S15 | B20: C. Baholash va akademik halollik | C20: Baholashda korrupsiya yoki tanish-bilishchilik holatlariga duch kelmadim | D20: =COUNT('So‘rovnoma javoblari'!S5:S1504) -> 0 | E20: =IF(D20=0,"",AVERAGE('So‘rovnoma javoblari'!S5:S1504)) | F20: =IF(D20=0,"",COUNTIF('So‘rovnoma javoblari'!S5:S1504,">=4")/D20) | G20: =IF(D20=0,"",IF(OR(E20<3.5,F20<0.6),"Chora kerak","Yaxshi"))
A21: S16 | B21: D. Shart-sharoitlar va moddiy-texnik baza | C21: Auditoriyalar toza, yorug‘, isitilgan va shamollatiladi | D21: =COUNT('So‘rovnoma javoblari'!T5:T1504) -> 0 | E21: =IF(D21=0,"",AVERAGE('So‘rovnoma javoblari'!T5:T1504)) | F21: =IF(D21=0,"",COUNTIF('So‘rovnoma javoblari'!T5:T1504,">=4")/D21) | G21: =IF(D21=0,"",IF(OR(E21<3.5,F21<0.6),"Chora kerak","Yaxshi"))
A22: S17 | B22: D. Shart-sharoitlar va moddiy-texnik baza | C22: Laboratoriya jihozlari ishchi holatda va amaliy mashg‘ulotlarda foydalaniladi | D22: =COUNT('So‘rovnoma javoblari'!U5:U1504) -> 0 | E22: =IF(D22=0,"",AVERAGE('So‘rovnoma javoblari'!U5:U1504)) | F22: =IF(D22=0,"",COUNTIF('So‘rovnoma javoblari'!U5:U1504,">=4")/D22) | G22: =IF(D22=0,"",IF(OR(E22<3.5,F22<0.6),"Chora kerak","Yaxshi"))
A23: S18 | B23: D. Shart-sharoitlar va moddiy-texnik baza | C23: Kompyuterlar va internet (Wi-Fi) o‘qish uchun yetarli | D23: =COUNT('So‘rovnoma javoblari'!V5:V1504) -> 0 | E23: =IF(D23=0,"",AVERAGE('So‘rovnoma javoblari'!V5:V1504)) | F23: =IF(D23=0,"",COUNTIF('So‘rovnoma javoblari'!V5:V1504,">=4")/D23) | G23: =IF(D23=0,"",IF(OR(E23<3.5,F23<0.6),"Chora kerak","Yaxshi"))
A24: S19 | B24: D. Shart-sharoitlar va moddiy-texnik baza | C24: Axborot-resurs markazida kerakli adabiyot va elektron resurslar mavjud | D24: =COUNT('So‘rovnoma javoblari'!W5:W1504) -> 0 | E24: =IF(D24=0,"",AVERAGE('So‘rovnoma javoblari'!W5:W1504)) | F24: =IF(D24=0,"",COUNTIF('So‘rovnoma javoblari'!W5:W1504,">=4")/D24) | G24: =IF(D24=0,"",IF(OR(E24<3.5,F24<0.6),"Chora kerak","Yaxshi"))
A25: S20 | B25: D. Shart-sharoitlar va moddiy-texnik baza | C25: Talabalar turar joyi (TTJ) sharoitlari qoniqarli (TTJda yashamasangiz – belgilamang) | D25: =COUNT('So‘rovnoma javoblari'!X5:X1504) -> 0 | E25: =IF(D25=0,"",AVERAGE('So‘rovnoma javoblari'!X5:X1504)) | F25: =IF(D25=0,"",COUNTIF('So‘rovnoma javoblari'!X5:X1504,">=4")/D25) | G25: =IF(D25=0,"",IF(OR(E25<3.5,F25<0.6),"Chora kerak","Yaxshi"))
A26: S21 | B26: D. Shart-sharoitlar va moddiy-texnik baza | C26: Imkoniyati cheklangan talabalar uchun sharoitlar yaratilgan | D26: =COUNT('So‘rovnoma javoblari'!Y5:Y1504) -> 0 | E26: =IF(D26=0,"",AVERAGE('So‘rovnoma javoblari'!Y5:Y1504)) | F26: =IF(D26=0,"",COUNTIF('So‘rovnoma javoblari'!Y5:Y1504,">=4")/D26) | G26: =IF(D26=0,"",IF(OR(E26<3.5,F26<0.6),"Chora kerak","Yaxshi"))
A27: S22 | B27: E. Amaliyot va bandlik | C27: Amaliyot bazasi yo‘nalishimga mos va foydali bo‘ldi | D27: =COUNT('So‘rovnoma javoblari'!Z5:Z1504) -> 0 | E27: =IF(D27=0,"",AVERAGE('So‘rovnoma javoblari'!Z5:Z1504)) | F27: =IF(D27=0,"",COUNTIF('So‘rovnoma javoblari'!Z5:Z1504,">=4")/D27) | G27: =IF(D27=0,"",IF(OR(E27<3.5,F27<0.6),"Chora kerak","Yaxshi"))
A28: S23 | B28: E. Amaliyot va bandlik | C28: Amaliyot davomida rahbar (universitet va korxona) yordam berdi | D28: =COUNT('So‘rovnoma javoblari'!AA5:AA1504) -> 0 | E28: =IF(D28=0,"",AVERAGE('So‘rovnoma javoblari'!AA5:AA1504)) | F28: =IF(D28=0,"",COUNTIF('So‘rovnoma javoblari'!AA5:AA1504,">=4")/D28) | G28: =IF(D28=0,"",IF(OR(E28<3.5,F28<0.6),"Chora kerak","Yaxshi"))
A29: S24 | B29: E. Amaliyot va bandlik | C29: Universitet ish beruvchilar bilan uchrashuvlar va bandlik bo‘yicha yordam ko‘rsatadi | D29: =COUNT('So‘rovnoma javoblari'!AB5:AB1504) -> 0 | E29: =IF(D29=0,"",AVERAGE('So‘rovnoma javoblari'!AB5:AB1504)) | F29: =IF(D29=0,"",COUNTIF('So‘rovnoma javoblari'!AB5:AB1504,">=4")/D29) | G29: =IF(D29=0,"",IF(OR(E29<3.5,F29<0.6),"Chora kerak","Yaxshi"))
A30: S25 | B30: F. Umumiy qoniqish | C30: Universitetda ta’lim olayotganimdan umuman qoniqaman | D30: =COUNT('So‘rovnoma javoblari'!AC5:AC1504) -> 0 | E30: =IF(D30=0,"",AVERAGE('So‘rovnoma javoblari'!AC5:AC1504)) | F30: =IF(D30=0,"",COUNTIF('So‘rovnoma javoblari'!AC5:AC1504,">=4")/D30) | G30: =IF(D30=0,"",IF(OR(E30<3.5,F30<0.6),"Chora kerak","Yaxshi"))
A31: S26 | B31: F. Umumiy qoniqish | C31: Ushbu universitetni do‘stlarimga tavsiya qilaman | D31: =COUNT('So‘rovnoma javoblari'!AD5:AD1504) -> 0 | E31: =IF(D31=0,"",AVERAGE('So‘rovnoma javoblari'!AD5:AD1504)) | F31: =IF(D31=0,"",COUNTIF('So‘rovnoma javoblari'!AD5:AD1504,">=4")/D31) | G31: =IF(D31=0,"",IF(OR(E31<3.5,F31<0.6),"Chora kerak","Yaxshi"))
C32: Umumiy o‘rtacha | E32: =IFERROR(AVERAGE(E6:E31),"") | F32: =IFERROR(AVERAGE(F6:F31),"")
